ISO3,Country_Rystad,Country_WDI,pop_2025,Oil Resources 2025 (Mbbl),Oil 1P 2025 (Mbbl),Oil 2P 2025 (Mbbl),Oil TRR 2025 (Mbbl),Gas Resources 2025 (Mboe),Gas 1P 2025 (Mboe),Gas 2P 2025 (Mboe),Gas TRR 2025 (Mboe),Oil prod BAU 2026-2100 (Mbbl),Gas prod BAU 2026-2100 (Mboe),Oil envelope sum_i max_t q <=2025 (Mbbl/an),Gas envelope sum_i max_t q <=2025 (Mboe/an),Total HC Resources 2025 (Mboe),Total HC 1P 2025 (Mboe),Total HC 2P 2025 (Mboe),Total HC TRR 2025 (Mboe),Total HC prod BAU 2026-2100 (Mboe),Oil capacity max_t sum_i q <=2025 (Mbbl/an),Gas capacity max_t sum_i q <=2025 (Mboe/an),Oil Resources 2025 (bbl/hab),Oil 1P 2025 (bbl/hab),Oil 2P 2025 (bbl/hab),Oil TRR 2025 (bbl/hab),Gas Resources 2025 (boe/hab),Gas 1P 2025 (boe/hab),Gas 2P 2025 (boe/hab),Gas TRR 2025 (boe/hab),Total HC Resources 2025 (boe/hab),Total HC 1P 2025 (boe/hab),Total HC 2P 2025 (boe/hab),Total HC TRR 2025 (boe/hab)
RUS,Russia,Russian Federation,143513328.0,117656.374538,35806.665007,52023.679697,159294.423033,165817.655556,46740.96479,65428.311178,239623.479251,109777.338303,156191.36526,12859.139389,10852.523727,283474.030094,82547.629797,117451.990875,398917.902284,265968.703563,4151.411886,4460.111924,819.8289049362719,249.5006248269847,362.50068493290047,1109.9625745770456,1155.4164192750097,325.69075946730186,455.9040758778864,1669.6949516145287,1975.2453242112815,575.1913842942865,818.4047608107869,2779.6575261915746
USA,United States,United States,341784857.0,103581.92569,29359.753108,38418.917153,167380.564067,181082.688827,43653.499721,50951.269501,236246.830492,129572.29198,253963.927319,14644.762867,18566.231879,284664.614517,73013.252829,89370.186654,403627.394559,383536.219299,4910.467881,6381.224713,303.0617757591291,85.9012694877819,112.40672711547312,489.72492677462304,529.8148385403746,127.72215862389714,149.07409868366403,691.215030898809,832.8766142995037,213.62342811167903,261.48082579913716,1180.939957673432
SAU,Saudi Arabia,Saudi Arabia,36973555.0,223597.674593,42763.12925,67896.7396,268057.829312,52663.88819,9744.2749,14065.432999999999,77692.92507,199592.802237,44611.8595275,6679.9818000000005,958.6197990000001,276261.562783,52507.404149999995,81962.17259999999,345750.754382,244204.6617645,3994.0754155,548.56979,6047.502724393151,1156.5868970403305,1836.3595169574578,7249.987979570805,1424.3663664475866,263.5471460615567,380.4187344170719,2101.3106548721107,7471.869090840737,1420.134043101887,2216.778251374529,9351.298634442915
CAN,Canada,Canada,41651653.0,77028.505983,31604.126294,45731.762701,164050.588807,49345.34153,11786.163285,13937.800172,67706.231636,73482.18514,47729.744377,3436.892502,3118.090013,126373.847513,43390.289579,59669.562873,231756.820443,121211.929517,1802.993511,1194.55902,1849.3505163648608,758.7724380110436,1097.9579298089322,3938.633331238979,1184.7150827363323,282.96988081121293,334.627779886671,1625.5352851422247,3034.065599101193,1041.7423188222565,1432.585709695603,5564.168616381204
CHN,China,China,1406585000.0,53902.409419,14688.5661,27128.772960000002,60417.336238,94817.176315,18888.942701,29097.052819,104357.526006,48787.572962,87763.858724,3673.242813,1987.334615,148719.585734,33577.508800999996,56225.825779,164774.862244,136551.431686,1579.51451,1401.465397,38.32147322700015,10.44271487325686,19.28697729607525,42.95320669422751,67.4094891634704,13.428937960379216,20.68630962153016,74.19212205874511,105.73096239047054,23.871652833636073,39.97328691760541,117.14532875297263
IRN,Iran,"Iran, Islamic Rep.",92417681.0,83609.054689,13100.528499,22897.61,105836.227181,100431.13119100001,22761.1053,30400.937091,112913.995909,75451.168475,87035.360786,4215.861304,2352.13022,184040.18588,35861.633799,53298.547091,218750.22309,162486.529261,2209.6598989999998,1528.329619,904.6867848696614,141.7534865325175,247.76222203627896,1145.1945778752013,1086.7090593952473,246.28518107914869,328.95152488191087,1221.7791518594802,1991.3958442649086,388.0386676116662,576.7137469181898,2366.9737297346815
QAT,Qatar,Qatar,2972215.0,31133.733954,7078.7651000000005,12215.6164,43758.274988,102195.10423,20064.2392,32772.3336,130499.50259999999,24195.820462,75613.302037,818.03229,1207.56399,133328.838184,27143.0043,44987.95,174257.777588,99809.122499,556.2344,1054.58112,10474.926596494533,2381.646381570647,4109.936999846916,14722.446050504423,34383.48310266922,6750.60155473275,11026.232489910723,43906.481395188435,44858.409699163756,9132.247936303396,15136.169489757638,58628.92744569286
ARE,UAE,United Arab Emirates,11513149.0,68991.504646,14687.24902,24772.16438,86576.402011,21134.217646,10289.96211,18250.48512,30714.97634,64619.595659,20081.266025,1811.53629,563.232297,90125.722292,24977.21113,43022.6495,117291.378351,84700.861684,1227.13059,369.269686,5992.409604531306,1275.6934718728994,2151.641082730711,7519.784727097686,1835.659179430406,893.757399474288,1585.1862179495809,2667.8171488964485,7828.068783961712,2169.4508713471873,3736.8273006802915,10187.601875994134
IRQ,Iraq,Iraq,47020774.0,99265.019967,18669.00091,36398.696419,109511.838911,11893.82011,3228.6394999999998,5963.4603,18629.733777,94244.339756,11575.333157000001,3573.245105,197.0037,111158.840077,21897.64041,42362.156719,128141.572688,105819.672913,1762.252585,142.226201,2111.088600264215,397.0372948348319,774.0981979369374,2329.0097034770206,252.94819923636305,68.6641079111118,126.82607691655608,396.2021930349339,2364.036799500578,465.70140274594377,900.9242748534934,2725.2118965119544
BRA,Brazil,Brazil,212812405.0,46459.907978,10880.0915,22670.8079,67166.5346,32903.106483999996,1236.871501,2391.3559099999998,50787.065601,42095.691412,29090.924103,3137.576207,340.711297,79363.014462,12116.963001,25062.16381,117953.600201,71186.615515,1338.65122,149.839096,218.31390880620893,51.12526922478978,106.52954135826809,315.61381301996937,154.61084838545946,5.812027268805124,11.23691971809632,238.647110825142,372.9247571916684,56.93729649359491,117.76646107636442,554.2609238451114
DZA,Algeria,Algeria,47435312.0,11303.980779,3777.5543,5461.002999,14046.654894,21900.953305,10272.987798,13241.1353,26176.493342,10111.761606,20763.265401999997,1266.396708,1401.951563,33204.934084,14050.542098,18702.138299,40223.148236,30875.027007999997,596.689609,610.22078,238.30307638748113,79.63591132277152,115.12526783844069,296.1223253680718,461.701470520527,216.56836151936767,279.14089191613203,551.8355891071192,700.0045469080081,296.20427284213923,394.2661597545727,847.9579144751909
KAZ,Kazakhstan,Kazakhstan,20843754.0,27161.133502,12466.732901,14518.397079,36563.630179,9212.918965,2829.3516990000003,3773.217199,19950.145359000002,25523.947803,8925.480997999999,1229.377711,391.490301,36374.052467,15296.0846,18291.614278,56513.775538,34449.428801,741.995821,187.27031,1303.0826165958397,598.1040124058267,696.5346587279815,1754.1768233783607,441.99902594321543,135.7409849972323,181.02387885598728,957.1282293487058,1745.081642539055,733.844997403059,877.5585375839688,2711.305052727066
KWT,Kuwait,Kuwait,4865298.0,44849.692892,8920.45087,15246.1188,51565.556899999996,5727.008881,1391.6858,2036.863889,8879.29888,43942.068065,5627.8393105000005,1733.401211,163.189299,50576.701773,10312.13667,17282.982689,60444.85578,49569.9073755,1198.301,96.35300000000001,9218.28280446542,1833.4849931083359,3133.6454211026744,10598.643063590347,1177.1136898500358,286.04328039104695,418.65141436351894,1825.026726009383,10395.396494315457,2119.528273499383,3552.2968354661934,12423.669789599733
NOR,Norway,Norway,5610870.0,12742.44044,4003.84318,6433.48038,19440.76959,14682.152424,5968.325709,8970.544701,21088.085406,12028.467762,13906.60291,3044.973075,1749.746102,27424.592864000002,9972.168889,15404.025081,40528.854996,25935.070672,1172.6376970000001,793.245192,2271.02756613502,713.5868733369335,1146.6101299798427,3464.8404953242543,2616.7336659020793,1063.7077153810371,1598.7796368477616,3758.4341476455525,4887.7612320371,1777.2945887179706,2745.3897668276045,7223.274642969807
AUS,Australia,Australia,27614411.0,14335.594301,577.9376,941.795991,19779.983,34273.221365,9741.184388,13535.441308,55181.384,13624.738487999999,32419.056706,1111.812996,1636.998685,48608.815666,10319.121987999999,14477.237299,74961.367,46043.795194,266.215197,871.92729,519.1345309157599,20.92884037975679,34.10523552358223,716.2920476558418,1241.1353392618078,352.75727546750863,490.15860986497233,1998.2821288493171,1760.2698701775678,373.68611584726534,524.2638453885545,2714.574176505159
TKM,Turkmenistan,Turkmenistan,7618847.0,3775.9134,557.585299,812.3654,7969.66251,50496.759514,7198.9665,10903.42979,57958.36672,3475.271298,43788.214903,257.194401,1322.248202,54272.672914,7756.551799000001,11715.79519,65928.02923,47263.486201,132.9037,472.442799,495.60168356183027,73.18499754621664,106.62576633970993,1046.0457481296055,6627.874206425198,944.8892332396227,1431.1128429275454,7607.235940031346,7123.4758899870285,1018.0742307858395,1537.7386092672552,8653.28168816095
NGA,Nigeria,Nigeria,237527782.0,12360.5109398,3877.691581,6770.237397,15165.7220976,8654.703663,3138.104198,4854.02569,10377.459058,11551.442068,8215.892618,3221.290401,716.650803,21015.2146028,7015.795779,11624.263087,25543.1811556,19767.334686,909.182803,307.313001,52.038169327914666,16.325212774478736,28.502928541638973,63.84820322870695,36.43659529056689,13.211524864910329,20.43561241185673,43.68945380039797,88.47476461848156,29.536737639389063,48.9385409534957,107.5376570291049
LBY,Libya,Libya,7458555.0,14741.606905,5177.388801,7727.978027,17934.899987,5380.6689799999995,1266.91331,1817.471,10598.030912,13515.007304,4930.645405,2292.703293,285.65659,20122.275885,6444.302111,9545.449027,28532.930899,18445.652708999998,1239.54431,134.31549,1976.4695581114572,694.1544040367069,1036.1226842196645,2404.607861308256,721.4090370051571,169.86042336618823,243.67602035514923,1420.922807702028,2697.8785951166146,864.0148274028951,1279.7987045748137,3825.5306690102843
MEX,Mexico,Mexico,131946900.0,15220.763502,3569.7569,6006.6280990000005,36076.592635,13679.349597999999,1145.092301,1685.7619,27026.371419,14398.90187,13102.519194,3823.156298,1141.847298,28900.1131,4714.849201,7692.389999,63102.964054,27501.421064000002,1251.1748989999999,330.974699,115.35521866750943,27.05449616474506,45.523071015688885,273.4175083688969,103.67314122575064,8.678432771061692,12.776062946533795,204.8276345939162,219.0283598932601,35.732928935806754,58.29913396222268,478.2451429628131
OMN,Oman,Oman,5494691.0,6601.091932,2491.203099,4239.86352,12335.881787,4259.20299,1762.75059,3116.212399,7079.142691,6126.951232,3973.505604,940.978301,441.763699,10860.294922,4253.953689,7356.075919,19415.024478,10100.456836,386.5851,259.056898,1201.3581713694182,453.38365687897647,771.6291088980254,2245.054687697634,775.1487736071055,320.80977620033593,567.131509123989,1288.3604721357397,1976.5069449765238,774.1934330793124,1338.7606180220143,3533.4151598333738
IDN,Indonesia,Indonesia,285721236.0,9340.346411,1175.562198,2220.296298,14278.674211,15088.689318,2907.059604,4790.799791,24358.564376,8952.136387999999,14409.55828,1948.84471,1334.409205,24429.035729,4082.621802,7011.096089,38637.238587,23361.694668,615.355101,469.157702,32.69041721141092,4.114367606893595,7.770848009351324,49.974144067471414,52.8091279781528,10.174461110059037,16.76739138493717,85.25290145391924,85.49954518956372,14.288828716952631,24.538239394288496,135.22704552139064
ARG,Argentina,Argentina,45851378.0,24211.081825,2922.263,3765.591999,31183.357992,23897.1876,2608.601601,3184.25609,30665.8889,22773.736995,22311.114586,925.036387,937.437102,48108.269425,5530.864601,6949.848089,61849.246892,45084.851580999995,314.993387,284.053101,528.0338973672722,63.7333735095159,82.12603771690351,680.0964191741413,521.1879913401948,56.892545323283414,69.44733678451279,668.8106276762281,1049.221888707467,120.62591883279931,151.57337450141628,1348.9070468503694
MOZ,Mozambique,Mozambique,35631653.0,2053.199805,62.4827,185.6556,3190.303304,17614.720172,2496.9776,6140.2199,20521.083496,2042.501801,17445.302352,3.2720000000000002,70.2997,19667.919977,2559.4603,6325.8755,23711.3868,19487.804153,2.1292,60.01220000000001,57.622917606432694,1.7535728696055723,5.210412214106373,89.53565258395393,494.3559641198796,70.0775122613593,172.32486800429945,575.9228598235395,551.9788817263122,71.83108513096488,177.5352802184058,665.4585124074935
MYS,Malaysia,Malaysia,35977838.0,3382.094005,933.884201,1304.697399,4557.2962165,8030.8931944999995,3147.3697005,4613.1034965,9437.979624,3159.101797,7494.3016015,974.602402,1239.7208045,11412.9871995,4081.2539015,5917.8008955000005,13995.2758405,10653.4033985,278.890302,475.85020199999997,94.0049261714948,25.95720735081413,36.26391888806659,126.66954074616713,223.2177818605998,87.48079027149991,128.22069787795476,262.32759244732824,317.22270803209466,113.43799762231404,164.4846167660214,388.9971331934954
AZE,Azerbaijan,Azerbaijan,10246996.0,8093.6831010000005,1607.908901,2170.699701,10272.549609,6863.45881,2531.66111,3650.70311,8778.303189,7763.27517,6621.09412,816.903699,374.0693,14957.141911,4139.570011,5821.402811,19050.852798,14384.36929,380.4543,231.2565,789.8591061224188,156.91514869333412,211.83766452138752,1002.4937658802638,669.8020385681814,247.06373555723061,356.2705704188818,856.6708905712464,1459.6611446906002,403.97888425056476,568.1082349402693,1859.1646564515104
AGO,Angola,Angola,39040039.0,10211.731892,2963.646018,5104.839591,11745.719455,1936.30389,371.31151,603.3380999999999,2533.441706,9780.931395,1892.9838889999999,1782.122983,49.5539,12148.035781999999,3334.957528,5708.177691,14279.161161,11673.915284,699.1379000000001,45.592200000000005,261.57074002922997,75.91298815044729,130.75908020993523,300.86341499300244,49.597898454968245,9.511043521242383,15.454341631164864,64.89342149478898,311.1686384841982,85.42403167168968,146.21342184110011,365.7568364877914
VEN,Venezuela,"Venezuela, RB",28516896.0,11624.33621,2264.24899,3622.45059,43786.68281,4387.189786,1404.5323,1909.225098,12011.66986,10204.311896,3985.967267,3176.528682,447.039001,16011.525996,3668.78129,5531.675688,55798.35267,14190.279163,1359.196499,184.7288,407.6297858644924,79.40026116446896,127.02822179524728,1535.4645474037568,153.84527776094566,49.2526360512729,66.9506631437026,421.21238791206446,561.4750636254381,128.65289721574186,193.97888493894988,1956.676935315821
ISR,Israel,Israel,10122800.0,579.459989,105.9458,131.9253,1252.80119,6755.6068080000005,3687.28669,5276.454,8400.991899999999,571.1302,6589.369624,11.180701,202.43730000000002,7335.066797,3793.23249,5408.3793,9653.793090000001,7160.499824,8.1165,163.0592,57.24305419449164,10.4660568222231,13.032491010392382,123.76034200023709,667.3654332793299,364.25561010787527,521.2445173272217,829.9079207333938,724.6084874738215,374.72166693009837,534.2770083376141,953.6682627336312
GUY,Guyana,Guyana,835986.0,11726.06871,2091.066,5195.305,12625.2078,937.8232,27.82,74.99000000000001,1730.1723,11416.77494,925.961192,239.69448,0.6367,12663.89191,2118.886,5270.295,14355.3801,12342.736132,239.60528,0.6367,14026.632874234736,2501.3170077010855,6214.583737048228,15102.176112997107,1121.8168725313583,33.278069249963515,89.70245913209075,2069.618749596285,15148.449746766095,2534.5950769510496,6304.286196180319,17171.794862593393
EGY,Egypt,"Egypt, Arab Rep.",118365995.0,4189.004293,999.786201,1498.9468,6930.969488,7761.809201,2985.4088990000005,3462.567098,13649.480496,3911.341304,7417.186308,1108.197302,1204.568501,11950.813494,3985.1951,4961.513898,20580.449984,11328.527612,336.3817,414.178399,35.39026806643243,8.446566102029557,12.663660707621306,58.55541101986259,65.5746542830988,25.2218460124464,29.253056150121495,115.31589369058233,100.96492234953122,33.668412114475956,41.9167168577428,173.87130471044492
IND,India,India,1463865525.0,11580.044107,1177.975,2047.00271,13682.743918,9933.022105,1712.94111,2776.654399,11868.248535,10387.547288,9509.288112,855.7597039999999,600.326804,21513.066212,2890.91611,4823.657109,25550.992453,19896.8354,283.531901,264.396,7.910592816918753,0.8047016477145331,1.3983543399589249,9.346995119650762,6.785474441035149,1.170149225284884,1.8967960865121132,8.107471849232873,14.696067257953903,1.974850872999417,3.295150426471038,17.454466968883633
UZB,Uzbekistan,Uzbekistan,37053428.0,974.272298,189.257501,298.431,4881.425609,5761.121534,3443.298099,4378.98951,12040.185424,877.4976,5492.068207,102.26480000000001,1040.2975,6735.393832,3632.5555999999997,4677.42051,16921.611033,6369.565807,58.6311,413.4347,26.29371560439698,5.107692087220648,8.05407262183677,131.7401890319028,155.48147215960694,92.92792286316937,118.18041531811848,324.9412017695097,181.7751877640039,98.03561495039,126.23448793995524,456.68139080141253
COL,Colombia,Colombia,53425635.0,6787.746394,1716.999712,2931.129992,8134.663893,5459.2210000000005,322.66651,449.0316,8538.151591,6010.640696,5073.4338020000005,1023.342399,183.0377,12246.967394000001,2039.666222,3380.161592,16672.815484,11084.074498,368.070597,80.454801,127.05036438032042,32.13812455387755,54.86373708052324,152.26143578826907,102.18354915201289,6.039544686740737,8.404796686085247,159.813759649277,229.23391353233333,38.17766924061829,63.268533766608485,312.07519543754603
GBR,United Kingdom,United Kingdom,69487000.0,5828.257492,1194.1133,1882.828399,9487.748891,6365.9922,748.3027000000001,958.2384,8662.260899,5516.347113,5890.775801,3179.602598,1756.5616,12194.249692,1942.416,2841.066799,18150.00979,11407.122914,967.3366970000001,613.706692,83.8755089729014,17.184700735389352,27.096124440542834,136.53991237209837,91.6141465310058,10.768959661519423,13.790182336264337,124.66016519636767,175.48965550390722,27.953660396908774,40.886306776807174,261.20007756846604
TTO,Trinidad and Tobago,Trinidad and Tobago,1367764.0,805.236898,131.3154,192.8983,2098.9129,4184.751904,1467.431801,2145.24149,8326.935424,780.849,3998.351195,232.539798,716.6999969999999,4989.988802,1598.7472010000001,2338.13979,10425.848324,4779.200195,87.3662,252.945499,588.7250271245624,96.00735214554558,141.03185929736418,1534.5577892092494,3059.556987901421,1072.869150672192,1568.429560947649,6087.991366931721,3648.282015025984,1168.8765028177377,1709.461420245013,7622.549156140972
TUR,Turkiye,Turkiye,85878556.0,3634.228529,475.339498,1086.6471999999999,4322.134332,3131.667101,367.3701,1083.5406,4362.338301,3499.660994,3110.255401,129.0148,36.4925,6765.89563,842.7095979999999,2170.1877999999997,8684.472633,6609.916395,65.93119999999999,18.349400000000003,42.31823051379671,5.535019685240166,12.653300784423996,50.32844674286326,36.466229136409794,4.277786179823518,12.617126445395751,50.79659584634842,78.78445965020651,9.812805865063682,25.27042722981974,101.12504258921167
PAK,Pakistan,Pakistan,255219554.0,7011.067299,191.713398,332.968,9212.551000000001,4196.851601,1372.931399,1743.630802,4977.033201,4188.426698,3217.893997,124.7719,540.920107,11207.9189,1564.6447970000002,2076.598802,14189.584201000001,7406.320694999999,34.7828,219.527201,27.470729374442836,0.7511704922107967,1.3046335783503484,36.096571973478184,16.444083281330396,5.3794130484218305,6.8318856242496215,19.50098698550347,43.91481265577323,6.130583540632628,8.13651920259997,55.59755895898165
ECU,Ecuador,Ecuador,18289896.0,2642.801423,1193.138798,1886.069002,3658.363407,277.5163,6.0267,7.5451,276.1103,2459.869481,276.6724,461.616998,3.7481,2920.317723,1199.165498,1893.614102,3934.473707,2736.541881,202.510701,2.6361,144.49515858373388,65.23485961866595,103.12081610524193,200.02100651638477,15.173202734449665,0.32950980147727466,0.4125283161806934,15.096329689354166,159.66836131818354,65.56436942014324,103.53334442142263,215.11733620573895
PER,Peru,Peru,34576665.0,390.9207,108.5011,170.7211,444.867098,2276.976899,1394.2813,1697.2592,2443.459099,365.862598,2164.697001,203.624501,121.106499,2667.897599,1502.7824,1867.9803,2888.326197,2530.559599,71.1831,86.129399,11.305911081939222,3.137986269063254,4.937465773520957,12.86610776371868,65.85299360132043,40.32434302151466,49.086839346709695,70.66786513389883,77.15890468325965,43.462329290577905,54.02430512023065,83.53397289761752
THA,Thailand,Thailand,71619863.0,832.851996,276.441501,443.8988,858.7805965,2090.4773985,888.4558995,1242.6156995,2126.712089,773.4252,1920.0357875,175.315,352.8869025,2923.3293945,1164.8974005,1686.5144995,2985.4926855,2693.4609875,95.229499,211.6373,11.628785103931293,3.859844035166613,6.197984489302919,11.990815962605234,29.18851434412825,12.40516055580838,17.350154656118235,29.694445087112218,40.81729944805954,16.265004590974993,23.548139145421153,41.685261049717454
UKR,Ukraine,Ukraine,38980376.0,3887.543299,130.088599,203.809199,5615.142297,5966.5341880000005,1147.503901,1428.6326,10963.136288,3661.535788,5737.977998,262.88689899999997,857.2719,9854.077487,1277.5925,1632.441799,16578.278585,9399.513786,113.04679999999999,409.7988,99.73077989293895,3.3372843555947225,5.228507775296985,144.05049086750728,153.06507530866304,29.437989541198885,36.65004667989862,281.24757667807,252.79585520160197,32.77527389679361,41.87855445519561,425.2980675455773
BHR,Bahrain,Bahrain,1600366.0,1415.383797,146.76760000000002,223.70360000000002,4258.122499,4345.463,1070.5,1393.41,6454.6637,1379.059801,4222.11619,31.1226,110.0673,5760.846797,1217.2676000000001,1617.1136000000001,10712.786199,5601.175991000001,27.632799999999996,104.78790000000001,884.412563751042,91.70877161849229,139.7827746902896,2660.717922650194,2715.2932516686806,668.9094869548591,870.6820814738628,4033.242208344841,3599.7058154197225,760.6182585733515,1010.4648561641526,6693.960130995035
COG,Congo,"Congo, Rep.",6484437.0,2214.85751,688.861299,1064.6205,2829.065725,1119.307998,285.472999,506.811,1408.880301,2113.779405,1104.424599,345.615204,23.867501,3334.165508,974.334298,1571.4315000000001,4237.946026,3218.2040039999997,123.642201,14.4945,341.5651212279493,106.23301591179003,164.1808687477417,436.28548245591713,172.6145227411416,44.02433071676076,78.15805751524766,217.27102923507468,514.1796439690909,150.25734662855078,242.33892626298942,653.5565116909918
ROU,Romania,Romania,19020271.0,613.951701,200.3551,334.318299,940.711301,1480.200089,622.3612,1220.405189,2229.12869,535.9718,1381.195904,301.372501,388.31419900000003,2094.15179,822.7163,1554.723488,3169.839991,1917.167704,114.168601,233.3163,32.27880932926771,10.533766842754238,17.576947194916414,49.458354247423706,77.82223970415563,32.720942829889225,64.16339646264767,117.1975252087628,110.10104903342334,43.254709672643465,81.74034365756408,166.6558794561865
VNM,Vietnam,Viet Nam,101598527.0,1900.893704,312.950501,491.378601,3574.585497,3126.7987009999997,540.6247,1012.6134999999999,4940.3426,1846.516098,3056.8573969999998,307.4173,127.737402,5027.692405,853.575201,1503.992101,8514.928097,4903.373495,146.8812,58.032500999999996,18.709854956853853,3.08026612433072,4.83647367249724,35.183438210674055,30.776023957512688,5.321186398696509,9.966812806252593,48.626124274419844,49.485878914366545,8.401452523027228,14.803286478749834,83.8095624850939
UGA,Uganda,Uganda,51384894.0,1425.193701,291.56531,1298.8978,1859.504101,23.4589,0.0,0.0,142.6751,1425.205189,23.4341,0.0,0.0,1448.652601,291.56531,1298.8978,2002.179201,1448.639289,0.0,0.0,27.735655171342767,5.674144428516287,25.27781413736107,36.187757845720185,0.4565330036488934,0.0,0.0,2.776596172408179,28.192188174991664,5.674144428516287,25.27781413736107,38.96435401812836
PNG,Papua New Guinea,Papua New Guinea,10762817.0,449.688606,70.5667,124.8723,1046.1557,3598.0459299999998,770.1436,1022.1062,5070.67392,439.61629800000003,3520.129007,78.885699,98.907391,4047.734536,840.7103,1146.9785,6116.8296199999995,3959.745305,45.9694,83.12369000000001,41.781682806648114,6.556526976162467,11.60219485289028,97.20091868141955,334.3033640728073,71.55595045423517,94.96642003668742,471.1288801063885,376.08504687945543,78.11247743039763,106.5686148895777,568.3297987878079
BRN,Brunei,Brunei Darussalam,466330.0,973.66129,217.15,347.0129,1034.902489,1244.1798119999999,475.7804,744.7013,1378.3868,921.9913,1181.991604,208.825601,150.29489900000002,2217.841102,692.9304,1091.7142,2413.289289,2103.982904,95.254,88.75290000000001,2087.9233375506615,465.6573671005511,744.1359123367572,2219.2492205090816,2668.024386164304,1020.2654772371496,1596.940578560247,2955.8184118542663,4755.947723714966,1485.9228443377008,2341.076490897004,5175.067632363348
JOR,Jordan,Jordan,11520684.0,1043.2134680000001,163.78730000000002,1009.56389,1694.2095430000002,420.8909,17.1734,26.6639,420.8654,1031.211596,418.7456,8.4245,2.1291,1464.104368,180.9607,1036.22779,2115.074943,1449.957196,7.8664,2.1291,90.55134816648041,14.216803446739798,87.63055127629575,147.05806903478998,36.53349922626122,1.4906580199578428,2.3144372330670646,36.53128581601579,127.08484739274161,15.707461466697637,89.9449885093628,183.58935485080573
MRT,Mauritania,Mauritania,5315065.0,91.6612,27.2657,69.4386,231.89799599999998,1139.0626379999999,622.479,832.2502,1344.067869,90.130699,1121.1855830000002,12.4665,17.8489,1230.723838,649.7447000000001,901.6887999999999,1575.9658650000001,1211.316282,10.9231,17.8489,17.245546385603937,5.129890227118577,13.064487452176031,43.630321736422786,214.30831758407464,117.11597130044505,156.5832590946677,252.87891474516303,231.55386396967864,122.24586152756366,169.6477465468437,296.5092364815859
CIV,Cote d'Ivoire,Cote d'Ivoire,32711547.0,1146.15449,232.3493,603.7625,1343.672703,652.6687039999999,111.0105,182.3007,1032.047202,1129.297899,638.139909,46.1766,31.1528,1798.823194,343.35979999999995,786.0631999999999,2375.719905,1767.4378080000001,21.1316,14.5112,35.038223352750634,7.102974983115289,18.457167433872815,41.076403479175106,19.952242063024407,3.3936181618068995,5.57297702857037,31.54993562364996,54.99046541577505,10.496593144922187,24.030144462443182,72.62633910282507
BGD,Bangladesh,Bangladesh,175686899.0,646.25519,17.0141,22.2744,998.9145,2308.978811,591.1788,731.8169,3026.408389,636.1828,2180.148107,6.9119,223.435302,2955.234001,608.1929,754.0912999999999,4025.322889,2816.330907,4.4404,163.27631,3.6784483856135455,0.09684330531669297,0.12678463862009426,5.685765447997349,13.142578212391353,3.3649566550776218,4.165460852035416,17.22614723252643,16.8210265980049,3.461799960394315,4.292245490655509,22.911912680523777
ITA,Italy,Italy,58915656.0,1038.391501,253.7422,418.184909,2194.83551,941.3918,205.7,277.672601,2918.606099,998.2837959999999,912.187499,159.5296,353.1832,1979.783301,459.44219999999996,695.85751,5113.441609,1910.4712949999998,45.7565,121.3827,17.62505200654984,4.306872183516042,7.098026864030844,37.253858465057235,15.978635627854166,3.491431886967362,4.71305285983746,49.5387185199126,33.603687634404004,7.798304070483403,11.811079723868303,86.79257698496984
MMR,Myanmar,Myanmar,54850648.0,310.760001,6.0287,8.3207,592.9481,1554.584,426.3506,637.803419,2175.917902,291.1193,1439.053893,36.7824,184.1765,1865.344001,432.3793,646.124119,2768.866002,1730.173193,11.4785,115.547,5.665566631045088,0.1099111901102791,0.15169738742193165,10.810229625728397,28.342126423009624,7.772936429119306,11.62800153245227,39.66986683548387,34.00769305405471,7.882847619229585,11.779698919874201,50.48009646121227
DNK,Denmark,Denmark,6009169.0,477.92301000000003,241.4063,394.2908,555.742209,268.9936,190.481,250.781,314.7148,431.495795,233.08859999999999,235.999298,121.75750099999999,746.91661,431.8873,645.0718,870.4570090000001,664.584395,141.9308,57.899699,79.53229639572461,40.17299230559167,65.61486288703146,92.48237302029615,44.7638600279007,31.69839290590762,41.73305826479501,52.37243286051699,124.29615642362529,71.87138521149929,107.34792115182648,144.85480588081316
GAB,Gabon,Gabon,2593130.0,1410.280608,392.747099,529.806201,2522.330081,977.162403,49.175801,100.9115,3253.257999,1311.939602,948.0359990000001,445.40648799999997,3.8087,2387.443011,441.92289999999997,630.717701,5775.5880799999995,2259.975601,144.63139,2.2598,543.8526444875498,151.45677193198952,204.31146953681457,972.6971193114113,376.82738736584747,18.963878016142655,38.91494063159194,1254.5680312980837,920.6800318533973,170.42064994813217,243.22641016840652,2227.265150609495
NER,Niger,Niger,27917831.0,739.855899,255.45,623.3100000000001,752.8548000000001,21.287100000000002,0.0,0.0,21.287100000000002,690.62669,20.9651,36.950500000000005,0.0,761.142999,255.45,623.3100000000001,774.1419000000001,711.5917900000001,36.0841,0.0,26.501195562076436,9.150066135152118,22.3265912025902,26.966808417172526,0.7624911835020423,0.0,0.0,0.7624911835020423,27.26368674557848,9.150066135152118,22.3265912025902,27.72929960067457
YEM,Yemen,"Yemen, Rep.",41773878.0,811.817802,210.6641,356.5361,3893.905001,1877.9929,173.9774,256.3749,3474.868,788.7167,1853.0873119999999,303.288397,78.4062,2689.8107019999998,384.6415,612.911,7368.773001,2641.804012,156.7529,78.29599999999999,19.43362313644905,5.042962494408587,8.534905473702969,93.21387401476109,44.95615417845573,4.1647414204637645,6.137206126757014,83.18279667499388,64.38977731490478,9.20770391487235,14.672111600459981,176.39667068975498
GHA,Ghana,Ghana,35064272.0,1238.759308,307.1153,445.58471,1434.566308,338.6885,134.92450000000002,166.7062,584.4775,1197.582704,320.674898,120.3737,22.171201,1577.447808,442.0398,612.2909099999999,2019.0438080000001,1518.257602,71.425299,19.184600000000003,35.32824830927618,8.758638992989788,12.70765610077403,40.91247946057457,9.659076908826169,3.8479196145866092,4.754303753974987,16.66874760725105,44.98732521810235,12.606558607576396,17.46195985474901,57.58122706782563
BOL,Bolivia,Bolivia,12581843.0,997.7647989999999,54.7753,89.542699,1545.796709,814.309792,418.9576,519.995599,1951.396399,917.322497,751.550998,74.533,220.859201,1812.0745909999998,473.7329,609.538298,3497.193108,1668.873495,19.0893,127.43430000000001,79.30195910090437,4.353519591684621,7.11681897477182,122.85932267633605,64.72102632340906,33.29858749628333,41.3290484549839,155.09622866856628,144.02298542431342,37.652107087967956,48.44586742975572,277.95555134490235
GNQ,Equatorial Guinea,Equatorial Guinea,1938431.0,357.937812,161.373399,228.74001,797.790199,608.157993,190.9225,349.63640000000004,1348.316401,330.448407,571.402406,229.22062,72.8108,966.095805,352.295899,578.3764100000001,2146.1066,901.850813,132.16871,56.0654,184.65336759471964,83.24949353368781,118.00265781964899,411.564919772744,313.7372405827187,98.49331753361352,180.37082568324593,695.5710061384697,498.39060817743837,181.74281106730135,298.37348350289494,1107.1359259112137
SUR,Suriname,Suriname,639850.0,1775.155406,170.232,572.1684,2549.6598010000002,1318.7351999999998,0.0,0.0,2579.23441,1758.701302,1305.4933,7.192499000000001,0.0,3093.890606,170.232,572.1684,5128.894211,3064.194602,6.482099,0.0,2774.3305555989687,266.04985543486754,894.2227084472923,3984.7773712588896,2061.0067984683906,0.0,0.0,4030.998530905681,4835.337354067359,266.04985543486754,894.2227084472923,8015.77590216457
SYR,Syria,Syrian Arab Republic,25620427.0,1087.891313,235.9404,376.036901,1586.55571,3959.9944,150.4509,186.9668,5414.901802,998.261699,3092.4786,446.918901,96.4411,5047.885713,386.3913,563.003701,7001.457512000001,4090.7402989999996,212.552099,49.409701,42.46187282514846,9.209073681714985,14.677230047727152,61.925420290614205,154.56395008560943,5.87230259667413,7.297567679102304,211.350958436407,197.02582291075788,15.081376278389115,21.974797726829454,273.27637872702127
POL,Poland,Poland,36435861.0,417.86109999999996,37.4889,61.407999999999994,996.838,1284.245699,265.8941,406.168299,2406.655599,393.7445,1225.848601,22.7375,116.8707,1702.106799,303.383,467.576299,3403.493599,1619.593101,6.9481,41.66,11.468401968050102,1.0289011696471233,1.6853725509601651,27.358705754201885,35.24675041986794,7.297593434117008,11.147487333975722,66.05183829743999,46.715152387918046,8.326494603764132,12.832859884935887,93.41054405164186
NLD,Netherlands,Netherlands,18087633.0,321.8145,14.9906,20.7975,579.7509,1420.3862,342.5385,426.262698,2422.8121,267.206901,1311.153201,107.434498,1634.526399,1742.2006999999999,357.5291,447.060198,3002.563,1578.360102,37.84,637.1121,17.791963160685537,0.8287762141127034,1.1498187739656152,32.0523365329228,78.52803072685077,18.937718384710703,23.56652736154034,133.94854373703845,96.3199938875363,19.766494598823407,24.716346135505955,166.00088026996124
SSD,South Sudan,South Sudan,12188788.0,512.988699,307.53409999999997,436.2895,747.70419,31.375,0.0,0.0,115.86000000000001,507.191082,27.805999999999997,205.974701,0.0,544.363699,307.53409999999997,436.2895,863.56419,534.997082,136.305101,0.0,42.08693259740017,25.230900726142742,35.79433000229391,61.34360446666231,2.574086939571022,0.0,0.0,9.50545698226928,44.66101953697119,25.230900726142742,35.79433000229391,70.8490614489316
TCD,Chad,Chad,21003705.0,1552.8116870000001,258.725599,427.518599,2053.069786,315.3028,0.3066,0.4182,1106.94349,1334.980002,272.0251,138.9656,0.0582,1868.114487,259.032199,427.936799,3160.013276,1607.005102,63.3154,0.0582,73.93037023706057,12.318093355434195,20.35443741949337,97.74798236787272,15.01177054238764,0.014597424597231774,0.019910772885069563,52.70229657100973,88.9421407794482,12.332690780031427,20.37434819237844,150.45027893888246
DEU,Germany,Germany,83491249.0,2456.400701,72.0141,129.86341,3987.6805,559.294502,180.48149899999999,232.5073,969.243001,1513.9312989999999,424.5893,99.9554,352.759288,3015.695203,252.495599,362.37071,4956.923501,1938.520599,53.9866,164.6689,29.42105586419003,0.862534707080499,1.555413430214704,47.76165823079255,6.698839802959469,2.1616816272565282,2.7848104176762285,11.60891725311236,36.1198956671495,3.0242163343370274,4.3402238478909325,59.37057548390491
CYP,Cyprus,Cyprus,1370754.0,216.369599,0.0,0.0,742.926501,1897.67429,82.88,331.52,2957.5208000000002,216.3303,1897.439611,0.0,0.0,2114.043889,82.88,331.52,3700.447301,2113.769911,0.0,0.0,157.84714033298462,0.0,0.0,541.9838286081966,1384.4017890883413,60.4630736076641,241.8522944306564,2157.5868463633883,1542.2489294213258,60.4630736076641,241.8522944306564,2699.570674971585
SDN,Sudan,Sudan,51662147.0,427.6513,165.7708,254.4642,2124.341901,319.825202,0.0,0.0,1543.523702,403.3354,318.27139999999997,94.989701,0.0,747.476502,165.7708,254.4642,3667.865603,721.6068,45.240201,0.0,8.277846060095024,3.2087477897502015,4.925544422302077,41.11989192009383,6.190706747050214,0.0,0.0,29.877265882891006,14.468552807145239,3.2087477897502015,4.925544422302077,70.99715780298484
HUN,Hungary,Hungary,9514251.0,594.844801,58.6437,112.1395,1051.453901,814.848399,104.885,137.8656,1390.7497,574.6061,776.0158,65.5262,86.022,1409.6932,163.5287,250.0051,2442.203601,1350.6219,20.4859,43.9609,62.52145344914697,6.163774741700634,11.78647693864709,110.51357600298753,85.64503911027784,11.023989171612143,14.490431248870772,146.17542673616663,148.1664925594248,17.187763913312775,26.27690818751786,256.68900273915415
NZL,New Zealand,New Zealand,5324700.0,196.278101,17.886300000000002,45.487399999999994,1508.8512,393.358498,106.3969,201.966,1099.777399,189.87130000000002,376.15999999999997,56.734101,75.4796,589.636599,124.2832,247.4534,2608.628599,566.0313,21.4746,39.050000000000004,36.86181399891073,3.359118823595696,8.5427160215599,283.36830243957405,73.87430240201326,19.981764230848686,37.930024226716995,206.54260315135124,110.73611640092399,23.340883054444383,46.4727402482769,489.9109055909253
SEN,Senegal,Senegal,18931966.0,647.08311,128.827,242.633,1190.2508,408.22690800000004,0.4793,0.5959,957.029593,613.3062,408.14901,33.717299999999994,0.895,1055.310018,129.3063,243.2289,2147.280393,1021.45521,33.7159,0.3536,34.17939320195272,6.804734384162743,12.81604879281951,62.869899512813404,21.56283758379875,0.025316969193796356,0.03147586468304454,50.550988365392165,55.74223078575146,6.83005135335654,12.847524657502554,113.42088787820558
BLR,Belarus,Belarus,9085991.0,232.6333,118.261,201.810799,235.654398,44.3888,9.277,10.7268,44.4136,209.875301,43.5064,42.1602,1.764,277.0221,127.538,212.537599,280.067998,253.38170100000002,18.4317,1.764,25.603514245171496,13.015751391345203,22.211203929213664,25.936014904703296,4.885410958474425,1.0210223628880988,1.1805866855910379,4.888140435093981,30.48892520364592,14.036773754233304,23.3917906148047,30.824155339797276
FLK,Falkland Islands (Malvinas),,,419.80800000000005,47.5,189.99,525.27011,38.2358,0.0,0.0,38.2358,419.68420100000003,38.2295,0.0,0.0,458.0438,47.5,189.99,563.50591,457.913701,0.0,0.0,,,,,,,,,,,,
CUB,Cuba,Cuba,10937203.0,242.1328,90.4996,168.9537,735.4825900000001,27.958,0.0,0.0,847.3435999999999,229.27499999999998,27.9388,38.476801,9.340499999999999,270.0908,90.4996,168.9537,1582.82619,257.2138,19.2551,6.8285,22.13845715399083,8.274473830283666,15.44761489751996,67.24594852998524,2.5562294125838205,0.0,0.0,77.47351859520207,24.694686566574653,8.274473830283666,15.44761489751996,144.71946712518732
TUN,Tunisia,Tunisia,12348573.0,329.899804,55.3672,82.2604,455.863199,262.783698,65.626,82.95700000000001,333.480599,293.00029900000004,246.4293,146.766101,40.147400000000005,592.683502,120.9932,165.2174,789.343798,539.429599,42.3291,16.926199,26.715621634985677,4.483692164268697,6.661530850568726,36.91626546646321,21.28049111423644,5.314460221436113,6.717942227008741,27.005598055742958,47.996112749222114,9.79815238570481,13.379473077577465,63.921863522206166
CMR,Cameroon,Cameroon,29879337.0,212.778601,104.86630000000001,131.9373,224.128799,414.232979,19.6413,26.5597,414.23310200000003,192.2191,401.111801,151.416,15.501,627.01158,124.50760000000001,158.49699999999999,638.361901,593.330901,67.5136,13.1331,7.121262463086112,3.5096595349488515,4.415670267382439,7.5011302626962575,13.863526456427062,0.6573539432953281,0.8888985722809044,13.863530572984269,20.984788919513175,4.16701347824418,5.304568839663343,21.364660835680525
JPN,Japan,Japan,123366734.0,26.267,10.9105,20.2382,31.967,307.181699,94.6023,105.4616,321.010899,24.8078,261.92929899999996,19.1857,41.8562,333.448699,105.5128,125.6998,352.97789900000004,286.737099,6.1574,16.6627,0.21291801402475322,0.08843956264579396,0.1640490863606716,0.2591217175288113,2.489988095169967,0.7668380035091146,0.8548625434146615,2.602086385783707,2.7029061091947204,0.8552775661549085,1.0189116297753331,2.861208103312519
EST,Estonia,Estonia,1366475.0,117.95100000000001,46.6,117.95100000000001,182.37631,0.0,0.0,0.0,0.0,110.5913,0.0,55.3003,0.0,117.95100000000001,46.6,117.95100000000001,182.37631,110.5913,47.35,0.0,86.31771528933938,34.102343621361534,86.31771528933938,133.46479811193032,0.0,0.0,0.0,0.0,86.31771528933938,34.102343621361534,86.31771528933938,133.46479811193032
CHL,Chile,Chile,19859921.0,77.3903,9.455400000000001,15.5237,129.110401,144.4908,78.2979,101.18679999999999,268.2781,72.8291,133.3898,43.7652,34.2354,221.8811,87.7533,116.7105,397.388501,206.2189,15.7012,14.1617,3.896808048732923,0.4761046129035458,0.7816597054942968,6.501053100865809,7.2754972187452305,3.9425081298158235,5.0950253024672145,13.508517984537804,11.172305267478153,4.418612742719369,5.876685007961512,20.009571085403614
MAR,Morocco,Morocco,38430770.0,227.953102,1.2613,1.832,1375.212826,458.84409,42.1538,101.71409,2071.245589,225.247701,452.248802,1.3296999999999999,2.0335,686.797192,43.4151,103.54609,3446.458415,677.496503,0.7304999999999999,0.94,5.931525753972663,0.03282005538790922,0.04767013515472107,35.78416008838751,11.939497699369541,1.096876279085743,2.646683633973506,53.895500636599266,17.871023453342204,1.1296963344736521,2.6943537691282273,89.67966072498677
AUT,Austria,Austria,9208163.0,359.1624,28.722300000000004,49.4486,418.67490000000004,106.606,34.381,50.2429,115.7543,334.7091,101.7022,37.9516,30.7707,465.7684,63.103300000000004,99.69149999999999,534.4292,436.4113,20.972099999999998,12.4444,39.00478303870164,3.1192214994456555,5.370083044794059,45.46779851746761,11.577336326474672,3.7337523238891404,5.456343463946066,12.57083524694339,50.58211936517631,6.852973823334796,10.826426508740123,58.038633764410996
MNG,Mongolia,Mongolia,3568978.0,116.71101,46.1691,86.335701,183.26309899999998,58.2773,0.0,0.0,87.0219,111.3792,31.049099999999996,9.8237,0.0,174.98831,46.1691,86.335701,270.28499899999997,142.4283,8.9194,0.0,32.70152127583863,12.93622431967919,24.19059489859562,51.34890128210372,16.328848202482614,0.0,0.0,24.382862544963853,49.03036947832125,12.93622431967919,24.19059489859562,75.73176382706758
TZA,Tanzania,Tanzania,70545865.0,1269.6339,0.4802,2.4028,2871.6356,6289.771105,42.917,70.6266,8376.529114,1266.0292,6247.193509,0.0,17.960501,7559.4050050000005,43.3972,73.0294,11248.164714,7513.222709,0.0,14.524701,17.99728304415858,0.006806919158195877,0.03406011110644118,40.705937902951504,89.15860773696659,0.6083559964854071,1.0011444327743377,118.7387682325534,107.15589078112517,0.6151629156436029,1.0352045438807789,159.4447061355049
PHL,Philippines,Philippines,116786962.0,265.226499,11.861699999999999,18.503698999999997,715.829601,823.1235790000001,43.4133,48.4336,2187.863901,262.3066,810.897401,28.246199,37.1606,1088.350078,55.275,66.937299,2903.693502,1073.204001,8.57,25.954,2.2710283276312984,0.10156698827391364,0.15843976658969858,6.129362291314676,7.048077669834413,0.37173070740550646,0.4147175264307329,18.733802673966295,9.31910599746571,0.4732976956794201,0.5731572930204314,24.86316496528097
HRV,Croatia,Croatia,3876200.0,346.949699,14.3712,27.7261,819.818801,386.257502,30.6256,38.875099999999996,928.1643,343.5784,381.3954,37.4966,45.2979,733.207201,44.9968,66.60119999999999,1747.983101,724.9738,22.9584,21.9133,89.50768768381404,3.707548630101646,7.152907486713792,211.5006452195449,99.64849646561065,7.900933904339301,10.029178060987563,239.452118053764,189.1561841494247,11.608482534440947,17.182085547701355,450.9527632733089
BWA,Botswana,Botswana,2562122.0,0.0,0.0,0.0,0.0,146.7384,11.905,60.849,146.7384,0.0,112.10059900000002,0.0,2.1824,146.7384,11.905,60.849,146.7384,112.10059900000002,0.0,2.1824,0.0,0.0,0.0,0.0,57.27221420369522,4.6465390797159545,23.74945455368636,57.27221420369522,57.27221420369522,4.6465390797159545,23.74945455368636,57.27221420369522
IRL,Ireland,Ireland,5484367.0,225.04820099999998,0.0,0.0,984.6093999999999,137.857586,55.071000000000005,60.681000000000004,883.0293,225.01229899999998,131.794903,0.0,40.7554,362.905787,55.071000000000005,60.681000000000004,1867.6387,356.80720199999996,0.0,21.1434,41.03448966854333,0.0,0.0,179.53018096710156,25.136462603614966,10.041450544793959,11.064358019804292,161.00842631428569,66.1709522721583,10.041450544793959,11.064358019804292,340.53860728138727
ZAF,South Africa,South Africa,64747319.0,7123.6503,0.0,0.0,9791.8472,2447.04861,17.156399999999998,59.8801,3724.8764100000003,6108.070197,2367.392799,21.0319,34.6551,9570.698910000001,17.156399999999998,59.8801,13516.723610000001,8475.462996,14.7249,22.416999999999998,110.02232076976037,0.0,0.0,151.2317011921374,37.79382139359315,0.2649746779476691,0.9248274820460134,57.52943083249517,147.81614216335353,0.2649746779476691,0.9248274820460134,208.76113202463256
SRB,Serbia,Serbia,6549143.0,66.426299,25.743799999999997,42.2802,85.1143,43.4555,13.159,16.9675,83.476999,54.03060000000001,41.5232,15.5073,12.8666,109.881799,38.9028,59.2477,168.591299,95.55380000000001,8.7622,5.6613,10.142746768546663,3.9308654582744635,6.455837046160085,12.99625004370801,6.635295640971651,2.0092705259298813,2.590796994354834,12.746247715159067,16.778042409518314,5.940135984204345,9.046634040514919,25.742497758867078
ALB,Albania,Albania,2349580.0,90.7809,38.5951,43.3253,132.9036,63.872899999999994,2.344,2.7868,117.40859999999999,87.087,63.7204,27.673301,1.7485,154.6538,40.9391,46.1121,250.3122,150.8074,13.9909,1.1893,38.63707556244095,16.42638258752628,18.43959345925655,56.56483286374587,27.18481600966981,0.9976251074660152,1.186084321453196,49.97003719813754,65.82189157211076,17.424007694992298,19.625677780709744,106.5348700618834
FRA,France,France,68720337.0,1226.3662000000002,28.0116,43.417199,1829.696301,428.968201,0.0636,0.10590000000000001,1067.0772,898.131401,343.1057,60.9908,53.268499999999996,1655.334401,28.0752,43.523099,2896.773501,1241.237101,24.729,49.511799999999994,17.845753579468045,0.40761732585799165,0.6317954901763652,26.62525215788741,6.242230753321247,0.0009254902227851415,0.0015410285313356368,15.527822571650077,24.087984332789286,0.4085428160807768,0.6333365187077008,42.15307472953749
COD,Democratic Republic of Congo,"Congo, Dem. Rep.",112832473.0,39.7397,28.510399,35.7934,204.1679,0.6189,0.0,0.0,282.8272,34.3637,0.6177,28.6877,0.0,40.3586,28.510399,35.7934,486.9951,34.9814,12.208,0.0,0.35220091294108213,0.2526790226427103,0.3172260524680692,1.8094781987096924,0.005485123063818693,0.0,0.0,2.5066117269272294,0.35768603600490084,0.2526790226427103,0.3172260524680692,4.316089925636922
GRC,Greece,Greece,10413962.0,115.4718,13.7473,32.2326,607.3108090000001,94.1853,1.687,3.322,1078.5024,114.57809999999999,94.12049999999999,11.0864,0.7428,209.65709999999999,15.434299999999999,35.55459999999999,1685.813209,208.6986,9.3,0.6888,11.088171821637145,1.3200835570554224,3.095133245156838,58.3169795511065,9.044137092107691,0.16199406143406322,0.318994826368677,103.56312035707447,20.132308913744836,1.4820776184894853,3.4141280715255147,161.88009990818097
GTM,Guatemala,Guatemala,18687881.0,34.3575,11.2892,17.3076,180.8389,26.657698999999997,6.7412,9.6135,172.982299,32.4279,26.0501,13.8126,0.561,61.015198999999996,18.0304,26.9211,353.821199,58.477999999999994,9.0281,0.561,1.838490945014044,0.6040920316219908,0.9261403152128377,9.676800703086668,1.4264698603335497,0.36072575590565886,0.5144242945468243,9.256389154019121,3.2649608053475934,0.9648177875276496,1.4405646097596618,18.93318985710579
GEO,Georgia,Georgia,3935766.0,104.6842,2.7314000000000003,3.5212999999999997,151.9253,44.783,6.591,22.841400000000004,44.8382,102.86370000000001,43.668600000000005,30.918400000000002,1.4651,149.4672,9.3224,26.3627,196.7635,146.5323,27.3307,1.1440000000000001,26.598176822504183,0.6939945108525254,0.8946924181976265,38.60120240888305,11.378471179434957,1.6746422424503895,5.803546247414101,11.392496403495533,37.97664800193914,2.3686367533029147,6.698238665611726,49.99369881237858
TJK,Tajikistan,Tajikistan,10786734.0,142.8169,1.7798,3.6004,649.8432,255.8156,7.2219999999999995,9.613201,1180.815601,140.8616,255.4314,4.5235,8.1688,398.6325,9.0018,13.213601,1830.658801,396.293,2.6342,5.3315,13.240050232072099,0.16499897003115122,0.3337803639173822,60.244667199543436,23.715760488763326,0.6695261049359332,0.8912059016195264,109.46924259001844,36.95581072083542,0.8345250749670846,1.2249862655369086,169.71390978956188
TLS,Timor-Leste,Timor-Leste,1418517.0,207.639492,1.008,12.608,467.621798,331.978689,0.0,0.0,1332.0794,207.5985,331.91311,47.8021,38.1444,539.618181,1.008,12.608,1799.701198,539.51161,31.7774,38.1444,146.3778664619458,0.7106012828891017,8.888155728835114,329.6554063151869,234.03222449924814,0.0,0.0,939.0648120537153,380.410090961194,0.7106012828891017,8.888155728835114,1268.7202183689021
KGZ,Kyrgyzstan,Kyrgyz Republic,7343064.0,54.668400999999996,6.7072,9.5603,180.636302,19.7131,2.1016000000000004,2.8638,82.6931,52.9163,19.6512,3.4905,4.0717,74.381501,8.8088,12.4241,263.329402,72.5675,2.1958,1.8528,7.4449032447490575,0.9134061748610661,1.3019497038293553,24.59958159155361,2.6845877960480804,0.28620205407443,0.3900006863619873,11.261388978769626,10.129491040797138,1.1996082289354961,1.6919503901913424,35.86097057032324
AFG,Afghanistan,Afghanistan,43844111.0,982.772099,0.0682,0.1141,1887.7427000000002,585.790201,5.6302,8.0618,2183.4191,960.9716,560.778398,0.3718,30.7842,1568.5623,5.6983999999999995,8.175899999999999,4071.1618,1521.749998,0.252,17.6514,22.41514485263483,0.0015555110696622405,0.002602401950857209,43.05578689918015,13.36074988497315,0.12841405314387605,0.183874180958989,49.799597943723846,35.77589473760798,0.12996956421353825,0.18647658290984617,92.85538484290399
CZE,Czechia,Czechia,10886878.0,41.233601,2.1757999999999997,3.274,91.148101,51.3786,2.5137,3.558,166.882201,40.9803,50.5025,5.3321,7.3180000000000005,92.612201,4.6895,6.832000000000001,258.030302,91.4828,1.8354,3.0308,3.7874587186519406,0.1998552753140064,0.3007290060566491,8.37229010924895,4.7193143893042615,0.23089263974483779,0.32681545618495955,15.32874723129992,8.506773107956201,0.43074791505884424,0.6275444622416088,23.70103734054887
BGR,Bulgaria,Bulgaria,6433302.0,128.8423,0.2939,0.5235,613.202691,91.806201,4.6821,6.0223,699.2618,126.78449899999998,91.5905,3.6584,6.8078,220.648501,4.976,6.5458,1312.464491,218.374999,2.1938999999999997,2.9567,20.027398060902474,0.045684160326998485,0.08137345332148249,95.31694470429026,14.270463441635416,0.7277911094489269,0.9361133675987852,108.69407343227475,34.29786150253789,0.7734752697759253,1.0174868209202677,204.011018136565
TWN,Taiwan (China),,,114.3101,3.5619,4.4827,122.321199,234.693701,0.8126,0.9113999999999999,270.7851,112.6236,231.5725,2.5693,13.2292,349.003801,4.3745,5.3941,393.106299,344.1961,1.9794,9.4057,,,,,,,,,,,,
SVN,Slovenia,Slovenia,2130986.0,27.4893,0.0673,0.1274,65.0917,78.1368,1.6816,3.1822,153.295801,27.4955,78.1018,0.3137,0.2393,105.6261,1.7489,3.3096,218.387501,105.5973,0.3004,0.1178,12.899803189697163,0.031581624656379724,0.059784531667500404,30.545343798598395,36.66697012556629,0.7891182767038357,1.4932993459365758,71.93655941428052,49.566773315263454,0.8206999013602154,1.5530838776040763,102.48190321287892
SVK,Slovakia,Slovak Republic,5413813.0,20.9046,0.48900000000000005,0.6634,20.9046,44.678599,2.1922,2.625,44.678599,20.8082,44.371900000000004,1.2887,13.1301,65.583199,2.6812,3.2883999999999998,65.583199,65.1801,0.5843,9.983,3.861345044610887,0.09032450880737847,0.12253840315504064,3.861345044610887,8.252704517130532,0.40492717424853797,0.4848708294874611,8.252704517130532,12.114049561741417,0.49525168305591644,0.6074092326425017,12.114049561741417
LTU,Lithuania,Lithuania,2888774.0,65.6598,1.774,2.7316,107.0675,26.5001,0.0,0.0,54.9859,47.5463,22.5009,6.5221,0.0,92.1599,1.774,2.7316,162.0534,70.0472,3.5408,0.0,22.729296234319474,0.6141013454150446,0.9455914515984982,37.063300902043565,9.173476360559878,0.0,0.0,19.034337750201296,31.90277259487935,0.6141013454150446,0.9455914515984982,56.09763865224486
ESP,Spain,Spain,49355143.0,358.7381,0.0582,0.0771,747.4457,222.4866,2.1479999999999997,2.3097,831.4547,330.43210000000005,213.0649,45.5041,16.0124,581.2247,2.2061999999999995,2.3868,1578.9004,543.4970000000001,22.288,9.0289,7.268504925616364,0.0011792084160307265,0.0015621472315458594,15.144231270893085,4.507870638729585,0.04352130030298969,0.04679755461350806,16.846363913888368,11.77637556434595,0.04470050871902042,0.04835970184505392,31.99059518478145
BRB,Barbados,Barbados,282623.0,111.3623,1.5648000000000002,2.3137,458.1979,218.0291,0.0166,0.0178,915.5669,110.992,217.9144,1.1581000000000001,0.19669999999999999,329.3914,1.5814000000000001,2.3315,1373.7648,328.90639999999996,0.6842,0.17809999999999998,394.031271340266,5.5367043729632766,8.186524097472605,1621.2335867922993,771.4485374509505,0.05873548861911451,0.06298142755543604,3239.5342912643346,1165.4798087912166,5.595439861582392,8.249505525028042,4860.767878056634
MDG,Madagascar,Madagascar,32740678.0,632.960701,1.455,1.9122,1110.869999,407.179699,0.0,0.0,646.892199,624.7289,403.2117,0.4156,0.0,1040.1404,1.455,1.9122,1757.7621980000001,1027.9406,0.4156,0.0,19.332547145175184,0.04444013040902818,0.058404410562298066,33.92935231823849,12.436507851181334,0.0,0.0,19.75805751487492,31.76905499635652,0.04444013040902818,0.058404410562298066,53.68740983311342
BLZ,Belize,Belize,422924.0,15.4208,0.7482,1.158,164.149201,7.7391,0.0,0.0,240.568099,15.2334,7.717099999999999,1.7268,0.0,23.1599,0.7482,1.158,404.7173,22.950499999999998,1.607,0.0,36.46234311602085,1.769112180911937,2.7380806007698784,388.12931164937436,18.299032450274755,0.0,0.0,568.8211097029254,54.7613755662956,1.769112180911937,2.7380806007698784,956.9504213522997
BEL,Belgium,Belgium,11941781.0,0.0,0.0,0.0,0.0,1.2508,0.4968,0.5676,1.2508,0.0,1.1694,0.0,0.244,1.2508,0.4968,0.5676,1.2508,1.1694,0.0,0.244,0.0,0.0,0.0,0.0,0.10474149542685467,0.041601834768197475,0.047530598660283585,0.10474149542685467,0.10474149542685467,0.041601834768197475,0.047530598660283585,0.10474149542685467
BEN,Benin,Benin,14814460.0,79.3069,0.1893,0.2725,79.3164,33.955,0.0,0.0,33.967999,79.102,33.9092,3.4927,0.0,113.2619,0.1893,0.2725,113.284399,113.0112,2.924,0.0,5.353343962587904,0.012778056034442025,0.018394190540863452,5.353985227946209,2.292017393816582,0.0,0.0,2.2928948473315938,7.645361356404486,0.012778056034442025,0.018394190540863452,7.646880075277803
PSE,Palestine,West Bank and Gaza,5413596.0,0.0,0.0,0.0,0.0,7.379,0.0,0.0,7.379,0.0,7.379902,0.0,0.0,7.379,0.0,0.0,7.379,7.379902,0.0,0.0,0.0,0.0,0.0,0.0,1.3630496254245792,0.0,0.0,1.3630496254245792,1.3630496254245792,0.0,0.0,1.3630496254245792
PRY,Paraguay,Paraguay,7013078.0,763.3311000000001,0.0,0.0,940.589801,367.0704,0.0,0.0,431.9052,594.9682,310.9366,0.0,0.0,1130.4015000000002,0.0,0.0,1372.495001,905.9048,0.0,0.0,108.84394840610643,0.0,0.0,134.11939821573353,52.34084092605273,0.0,0.0,61.58568320500642,161.18478933215917,0.0,0.0,195.70508142073993
ABW,Aruba,Aruba,108785.0,0.0,0.0,0.0,0.0,0.0,0.0,0.0,0.0,0.0,0.0,0.0,0.0,0.0,0.0,0.0,0.0,0.0,0.0,0.0,0.0,0.0,0.0,0.0,0.0,0.0,0.0,0.0,0.0,0.0,0.0,0.0
RWA,Rwanda,Rwanda,14569341.0,0.0,0.0,0.0,0.0,0.0,0.0,0.0,0.0,0.0,0.0,0.0,0.0,0.0,0.0,0.0,0.0,0.0,0.0,0.0,0.0,0.0,0.0,0.0,0.0,0.0,0.0,0.0,0.0,0.0,0.0,0.0
SYC,Seychelles,Seychelles,122730.0,0.1868,0.0,0.0,0.1868,0.1767,0.0,0.0,0.1767,0.187,0.1764,0.0,0.0,0.3635,0.0,0.0,0.3635,0.3634,0.0,0.0,1.522040250957386,0.0,0.0,1.522040250957386,1.4397457834270349,0.0,0.0,1.4397457834270349,2.961786034384421,0.0,0.0,2.961786034384421
ZMB,Zambia,Zambia,21913874.0,3.6307,0.0,0.0,3.6313,3.64,0.0,0.0,3.638,0.0,0.0,0.0,0.0,7.2707,0.0,0.0,7.269299999999999,0.0,0.0,0.0,0.16568042692953333,0.0,0.0,0.16570780684419378,0.1661048156067704,0.0,0.0,0.16601354922456887,0.3317852425363037,0.0,0.0,0.33172135606876263
VIR,U.S. Virgin Islands,Virgin Islands (U.S.),103792.0,0.0,0.0,0.0,0.0,0.0,0.0,0.0,0.0,0.0,0.0,0.0,0.0,0.0,0.0,0.0,0.0,0.0,0.0,0.0,0.0,0.0,0.0,0.0,0.0,0.0,0.0,0.0,0.0,0.0,0.0,0.0
URY,Uruguay,Uruguay,3384688.0,612.0817,0.0,0.0,1552.9797,1073.606,0.0,0.0,2121.2425,602.4337,1070.401099,0.0,0.0,1685.6877,0.0,0.0,3674.2222,1672.834799,0.0,0.0,180.83844064800064,0.0,0.0,458.8250674803704,317.19496745342553,0.0,0.0,626.7172927017201,498.0334081014262,0.0,0.0,1085.5423601820905
Arctic Ocean,Arctic Ocean,,,3.4035,0.0,0.0,3.4035,3.324,0.0,0.0,3.324,2.1153,1.9666000000000001,0.0,0.0,6.7275,0.0,0.0,6.7275,4.0819,0.0,0.0,,,,,,,,,,,,
PRK,North Korea,"Korea, Dem. People's Rep.",26571036.0,0.1635,0.0,0.0,154.736,0.3264,0.0,0.0,310.88999,0.1597,0.3248,0.0,0.0,0.4899,0.0,0.0,465.62599,0.4845,0.0,0.0,0.006153316716743751,0.0,0.0,5.823483886740434,0.01228405245471046,0.0,0.0,11.700333776974297,0.01843736917145421,0.0,0.0,17.52381766371473
TGO,Togo,Togo,8591626.0,66.828,0.0,0.0,66.843,33.459,0.0,0.0,33.45,66.6363,33.3579,0.0,0.0,100.28699999999999,0.0,0.0,100.293,99.9942,0.0,0.0,7.7782715402183475,0.0,0.0,7.78001742627065,3.894373428266082,0.0,0.0,3.8933258966347,11.672644968484427,0.0,0.0,11.67334332290535
SWE,Sweden,Sweden,10596620.0,0.0,0.0,0.0,0.0,4.774,0.0,0.0,7.3849,0.0,4.6946,0.0,0.0,4.774,0.0,0.0,7.3849,4.6946,0.0,0.0,0.0,0.0,0.0,0.0,0.45052101519163656,0.0,0.0,0.6969109017781141,0.45052101519163656,0.0,0.0,0.6969109017781141
SGP,Singapore,Singapore,6111175.0,0.0,0.0,0.0,0.0,0.0,0.0,0.0,0.0,0.0,0.0,0.0,0.0,0.0,0.0,0.0,0.0,0.0,0.0,0.0,0.0,0.0,0.0,0.0,0.0,0.0,0.0,0.0,0.0,0.0,0.0,0.0
STP,Sao Tome and Principe,Sao Tome and Principe,240254.0,23.7942802,0.0,0.0,23.7948794,21.889859,0.0,0.0,21.88616,14.02544,12.72368,0.0,0.0,45.6841392,0.0,0.0,45.681039399999996,26.74912,0.0,0.0,99.03801892996579,0.0,0.0,99.04051295712037,91.11131968666494,0.0,0.0,91.09592348098262,190.1493386166307,0.0,0.0,190.136436438103
SPM,Saint Pierre and Miquelon,,,0.0,0.0,0.0,0.0,0.0,0.0,0.0,0.0,0.0,0.0,0.0,0.0,0.0,0.0,0.0,0.0,0.0,0.0,0.0,,,,,,,,,,,,
SOM,Somalia,"Somalia, Fed. Rep.",19654739.0,585.341098,0.0,0.0,4616.4155,538.164001,0.0,0.0,4593.3413,580.6014,533.991906,0.0,0.0,1123.505099,0.0,0.0,9209.7568,1114.593306,0.0,0.0,29.781168704402535,0.0,0.0,234.8754414902177,27.38087750745507,0.0,0.0,233.7014650766922,57.16204621185761,0.0,0.0,468.5769065669099
SLV,El Salvador,El Salvador,6365503.0,0.0,0.0,0.0,0.0,0.0,0.0,0.0,0.0,0.0,0.0,0.0,0.0,0.0,0.0,0.0,0.0,0.0,0.0,0.0,0.0,0.0,0.0,0.0,0.0,0.0,0.0,0.0,0.0,0.0,0.0,0.0
SLE,Sierra Leone,Sierra Leone,8819794.0,81.8539,0.0,0.0,191.15109999999999,5.4299,0.0,0.0,40.797000000000004,81.8211,5.3613,0.0,0.0,87.2838,0.0,0.0,231.9481,87.18239999999999,0.0,0.0,9.280704288558214,0.0,0.0,21.67296651146274,0.6156492997455496,0.0,0.0,4.625618240063204,9.896353588303763,0.0,0.0,26.298584751525944
SJM,Svalbard and Jan Mayen,,,0.0,0.0,0.0,0.0,0.0,0.0,0.0,0.0,0.0,0.0,0.0,0.0,0.0,0.0,0.0,0.0,0.0,0.0,0.0,,,,,,,,,,,,
PRT,Portugal,Portugal,10804871.0,13.1805,0.0,0.0,49.8758,26.2352,0.0,0.0,138.558,13.1805,26.2251,0.0,0.0,39.4157,0.0,0.0,188.4338,39.4056,0.0,0.0,1.2198664842921307,0.0,0.0,4.616047706631574,2.4280900715982634,0.0,0.0,12.82366073597732,3.6479565558903944,0.0,0.0,17.439708442608893
KOR,South Korea,"Korea, Rep.",51684564.0,165.1564,0.0,0.0,186.5194,320.62729,0.0,0.0,363.7633,164.91570000000002,320.1968,0.75,5.3957,485.78369,0.0,0.0,550.2827,485.1125,0.5801,3.7458,3.1954685735570876,0.0,0.0,3.6088028139310606,6.203540577414951,0.0,0.0,7.03814198761549,9.399009150972038,0.0,0.0,10.646944801546551
PRI,Puerto Rico,Puerto Rico (US),3184835.0,0.0,0.0,0.0,0.0,0.0,0.0,0.0,0.0,0.0,0.0,0.0,0.0,0.0,0.0,0.0,0.0,0.0,0.0,0.0,0.0,0.0,0.0,0.0,0.0,0.0,0.0,0.0,0.0,0.0,0.0,0.0
GUF,French Guiana,,,189.77,0.0,0.0,190.62,0.0,0.0,0.0,0.0,189.77,0.0,0.0,0.0,189.77,0.0,0.0,190.62,189.77,0.0,0.0,,,,,,,,,,,,
GRD,Grenada,Grenada,117303.0,2.5958,0.0,0.0,39.023799999999994,5.1188,0.0,0.0,66.5167,2.5959,5.1189,0.0,0.0,7.7146,0.0,0.0,105.54050000000001,7.7148,0.0,0.0,22.12901630819331,0.0,0.0,332.6752086476901,43.637417627852656,0.0,0.0,567.0502885689198,65.76643393604597,0.0,0.0,899.72549721661
GNB,Guinea-Bissau,Guinea-Bissau,2249515.0,3.4928000000000003,0.0,0.0,82.616299,0.8326000000000001,0.0,0.0,157.7932,0.6898,0.2805,0.0,0.0,4.3254,0.0,0.0,240.409499,0.9702999999999999,0.0,0.0,1.5526902465642596,0.0,0.0,36.72627166300291,0.3701242267777721,0.0,0.0,70.14543134853513,1.9228144733420316,0.0,0.0,106.87170301153805
GMB,Gambia,"Gambia, The",2822093.0,10.791599999999999,0.0,0.0,102.632199,10.2302,0.0,0.0,195.1707,10.790899999999999,10.2309,0.0,0.0,21.0218,0.0,0.0,297.80289899999997,21.021800000000002,0.0,0.0,3.8239703652572747,0.0,0.0,36.3674049721253,3.6250399969100946,0.0,0.0,69.15813901242801,7.44901036216737,0.0,0.0,105.52554398455328
GLP,Guadeloupe,,,0.0,0.0,0.0,0.0,0.0,0.0,0.0,0.0,0.0,0.0,0.0,0.0,0.0,0.0,0.0,0.0,0.0,0.0,0.0,,,,,,,,,,,,
GIN,Guinea,Guinea,15099727.0,1.8407,0.0,0.0,5.2596,2.4952,0.0,0.0,7.256,1.8379,2.4606,0.0,0.0,4.3359000000000005,0.0,0.0,12.5156,4.2985,0.0,0.0,0.12190286619089206,0.0,0.0,0.34832417831130325,0.16524802070924857,0.0,0.0,0.4805384892057982,0.28715088690014073,0.0,0.0,0.8288626675171015
FRO,Faroe Islands,Faroe Islands,54900.0,104.5584,0.0,0.0,313.7111,52.321,0.0,0.0,156.9176,104.5048,52.260799999999996,0.0,0.0,156.8794,0.0,0.0,470.6287,156.7656,0.0,0.0,1904.5245901639344,0.0,0.0,5714.227686703097,953.023679417122,0.0,0.0,2858.2440801457196,2857.5482695810565,0.0,0.0,8572.471766848816
FIN,Finland,Finland,5646436.0,0.0,0.0,0.0,0.0,0.0,0.0,0.0,0.0,0.0,0.0,0.0,0.0,0.0,0.0,0.0,0.0,0.0,0.0,0.0,0.0,0.0,0.0,0.0,0.0,0.0,0.0,0.0,0.0,0.0,0.0,0.0
ETH,Ethiopia,Ethiopia,135472051.0,5.9365,0.0,0.0,5.9365,1703.4745,0.0,0.0,1852.0882000000001,5.9429,1699.159597,0.0,0.0,1709.411,0.0,0.0,1858.0247,1705.102497,0.0,0.0,0.04382084685497232,0.0,0.0,0.04382084685497232,12.57436118686946,0.0,0.0,13.671367535433566,12.618182033724432,0.0,0.0,13.715188382288536
ESH,Western Sahara,,,190.0067,0.0,0.0,450.98449999999997,368.8002,0.0,0.0,890.7045009999999,189.3403,367.4247,0.0,0.0,558.8069,0.0,0.0,1341.689001,556.765,0.0,0.0,,,,,,,,,,,,
ERI,Eritrea,Eritrea,3607003.0,61.8447,0.0,0.0,132.4972,123.426,0.0,0.0,264.449,61.670500000000004,123.0686,0.0,0.0,185.2707,0.0,0.0,396.9462,184.7391,0.0,0.0,17.145730125536353,0.0,0.0,36.73332126421852,34.21843563756393,0.0,0.0,73.31543666584142,51.36416576310028,0.0,0.0,110.04875793005994
DOM,Dominican Republic,Dominican Republic,11520487.0,25.674,0.0,0.0,98.4445,51.0784,0.0,0.0,197.483401,25.4748,50.696999999999996,0.0,0.0,76.7524,0.0,0.0,295.92790099999996,76.1718,0.0,0.0,2.228551622861082,0.0,0.0,8.5451682728343,4.433701457238744,0.0,0.0,17.141931673548175,6.662253080099825,0.0,0.0,25.68709994638247
DJI,Djibouti,Djibouti,1184076.0,0.0,0.0,0.0,0.0,0.0,0.0,0.0,0.0,0.0,0.0,0.0,0.0,0.0,0.0,0.0,0.0,0.0,0.0,0.0,0.0,0.0,0.0,0.0,0.0,0.0,0.0,0.0,0.0,0.0,0.0,0.0
CRI,Costa Rica,Costa Rica,5152950.0,20.4155,0.0,0.0,63.6769,40.7842,0.0,0.0,127.3804,20.3931,40.7908,0.0,0.0,61.1997,0.0,0.0,191.0573,61.1839,0.0,0.0,3.9619053163721754,0.0,0.0,12.357368109529492,7.9147284565152,0.0,0.0,24.71989831067641,11.876633772887375,0.0,0.0,37.0772664202059
COM,Comoros,Comoros,882847.0,0.0,0.0,0.0,0.0,0.0,0.0,0.0,0.0,0.0,0.0,0.0,0.0,0.0,0.0,0.0,0.0,0.0,0.0,0.0,0.0,0.0,0.0,0.0,0.0,0.0,0.0,0.0,0.0,0.0,0.0,0.0
CHE,Switzerland,Switzerland,9092436.0,0.0191,0.0,0.0,18.4608,7.4251,0.0,0.0,50.6256,0.0164,7.4249,0.0,0.0,7.4442,0.0,0.0,69.0864,7.4413,0.0,0.0,0.0021006471753004367,0.0,0.0,2.0303469829207486,0.8166238398598571,0.0,0.0,5.5678808187376845,0.8187244870351575,0.0,0.0,7.5982278016584335
CAF,Central African Republic,Central African Republic,5513282.0,0.0,0.0,0.0,0.0,0.0,0.0,0.0,0.0,0.0,0.0,0.0,0.0,0.0,0.0,0.0,0.0,0.0,0.0,0.0,0.0,0.0,0.0,0.0,0.0,0.0,0.0,0.0,0.0,0.0,0.0,0.0
BIH,Bosnia and Herzegovina,Bosnia and Herzegovina,3140095.0,8.0835,0.0,0.0,13.979,4.5663,0.0,0.0,5.1564,8.0735,4.566599999999999,0.0,0.0,12.649799999999999,0.0,0.0,19.1354,12.6401,0.0,0.0,2.57428517290082,0.0,0.0,4.4517761405307805,1.4541916725449389,0.0,0.0,1.6421159232443605,4.028476845445758,0.0,0.0,6.09389206377514
BHS,Bahamas,"Bahamas, The",403033.0,1.6858,0.0,0.0,569.544601,1.7912000000000001,0.0,0.0,733.2483,1.6795,1.788,0.0,0.0,3.477,0.0,0.0,1302.792901,3.4675,0.0,0.0,4.182784040016574,0.0,0.0,1413.146320524622,4.444301087007764,0.0,0.0,1819.3257127828242,8.627085127024339,0.0,0.0,3232.4720333074465
BDI,Burundi,Burundi,14390003.0,0.0,0.0,0.0,0.0,0.0,0.0,0.0,0.0,0.0,0.0,0.0,0.0,0.0,0.0,0.0,0.0,0.0,0.0,0.0,0.0,0.0,0.0,0.0,0.0,0.0,0.0,0.0,0.0,0.0,0.0,0.0
ATF,French Southern Territories,,,0.0,0.0,0.0,0.0,0.0,0.0,0.0,0.0,0.0,0.0,0.0,0.0,0.0,0.0,0.0,0.0,0.0,0.0,0.0,,,,,,,,,,,,
ARM,Armenia,Armenia,3086700.0,0.0,0.0,0.0,0.0,0.0,0.0,0.0,0.0,0.0,0.0,0.0,0.0,0.0,0.0,0.0,0.0,0.0,0.0,0.0,0.0,0.0,0.0,0.0,0.0,0.0,0.0,0.0,0.0,0.0,0.0,0.0
GRL,Greenland,Greenland,56831.0,0.0,0.0,0.0,0.0,0.0,0.0,0.0,0.0,426.6091,626.582801,0.0,0.0,0.0,0.0,0.0,0.0,1053.191901,0.0,0.0,0.0,0.0,0.0,0.0,0.0,0.0,0.0,0.0,0.0,0.0,0.0,0.0
HND,Honduras,Honduras,11005850.0,0.0,0.0,0.0,0.0,0.0,0.0,0.0,0.0,0.0,0.0,0.0,0.0,0.0,0.0,0.0,0.0,0.0,0.0,0.0,0.0,0.0,0.0,0.0,0.0,0.0,0.0,0.0,0.0,0.0,0.0,0.0
PLW,Palau,Palau,17663.0,0.011899999999999999,0.0,0.0,0.011899999999999999,0.0112,0.0,0.0,0.0112,0.012,0.0114,0.0,0.0,0.0231,0.0,0.0,0.0231,0.0234,0.0,0.0,0.6737247353224254,0.0,0.0,0.6737247353224254,0.6340938685387534,0.0,0.0,0.6340938685387534,1.3078186038611788,0.0,0.0,1.3078186038611788
IMN,Isle of Man,Isle of Man,84118.0,0.0,0.0,0.0,0.0,0.0,0.0,0.0,0.0,0.0,0.0,0.0,0.0,0.0,0.0,0.0,0.0,0.0,0.0,0.0,0.0,0.0,0.0,0.0,0.0,0.0,0.0,0.0,0.0,0.0,0.0,0.0
PAN,Panama,Panama,4571189.0,0.0,0.0,0.0,0.0,0.0,0.0,0.0,0.0,0.0,0.0,0.0,0.0,0.0,0.0,0.0,0.0,0.0,0.0,0.0,0.0,0.0,0.0,0.0,0.0,0.0,0.0,0.0,0.0,0.0,0.0,0.0
NPL,Nepal,Nepal,29618118.0,5.6629,0.0,0.0,5.6589,6.0906,0.0,0.0,6.0902,5.665,5.9422999999999995,0.0,0.0,11.753499999999999,0.0,0.0,11.7491,11.607299999999999,0.0,0.0,0.191197158442005,0.0,0.0,0.19106210597175688,0.20563764382328412,0.0,0.0,0.2056241385762593,0.39683480226528905,0.0,0.0,0.3966862445480162
NIC,Nicaragua,Nicaragua,7007502.0,66.8411,0.0,0.0,66.9509,133.6233,0.0,0.0,134.2524,66.846,133.5756,0.0,0.0,200.4644,0.0,0.0,201.20329999999998,200.4216,0.0,0.0,9.538506018264426,0.0,0.0,9.554174939942936,19.068606758870708,0.0,0.0,19.158381974061513,28.607112777135132,0.0,0.0,28.712556914004445
NCL,New Caledonia,New Caledonia,295333.0,88.151901,0.0,0.0,502.516,88.210001,0.0,0.0,502.701,88.1644,88.2032,0.0,0.0,176.36190200000001,0.0,0.0,1005.217,176.3676,0.0,0.0,298.4830716513224,0.0,0.0,1701.523365150525,298.67979873566446,0.0,0.0,1702.1497766927503,597.1628703869869,0.0,0.0,3403.673141843275
NAM,Namibia,Namibia,3092816.0,4706.895689,0.0,0.0,6270.653699,939.859099,0.0,0.0,1778.364899,4706.353634,938.9694,0.0,0.0,5646.754788,0.0,0.0,8049.018598000001,5645.323034,0.0,0.0,1521.880282887828,0.0,0.0,2027.4900605144308,303.8845825293196,0.0,0.0,574.9986093579444,1825.7648654171473,0.0,0.0,2602.4886698723753
MWI,Malawi,Malawi,22216120.0,0.0,0.0,0.0,0.0,0.0,0.0,0.0,0.0,0.0,0.0,0.0,0.0,0.0,0.0,0.0,0.0,0.0,0.0,0.0,0.0,0.0,0.0,0.0,0.0,0.0,0.0,0.0,0.0,0.0,0.0,0.0
MTQ,Martinique,,,0.0131,0.0,0.0,0.0131,0.0125,0.0,0.0,0.0125,0.0126,0.012,0.0,0.0,0.0256,0.0,0.0,0.0256,0.0246,0.0,0.0,,,,,,,,,,,,
MNE,Montenegro,Montenegro,623129.0,18.708199999999998,0.0,0.0,46.3832,53.4568,0.0,0.0,139.767,18.7075,53.4484,0.0,0.0,72.165,0.0,0.0,186.15019999999998,72.1559,0.0,0.0,30.022996843350246,0.0,0.0,74.43595146430354,85.78769404088078,0.0,0.0,224.29866046998293,115.81069088423104,0.0,0.0,298.7346119342864
MLT,Malta,Malta,579704.0,0.0163,0.0,0.0,0.0163,0.0154,0.0,0.0,0.0154,0.0,0.0,0.0,0.0,0.0317,0.0,0.0,0.0317,0.0,0.0,0.0,0.028117798048659312,0.0,0.0,0.028117798048659312,0.026565281591984874,0.0,0.0,0.026565281591984874,0.05468307964064419,0.0,0.0,0.05468307964064419
MLI,Mali,Mali,25198821.0,0.0,0.0,0.0,0.0,0.0,0.0,0.0,0.0,0.0,0.0,0.0,0.0,0.0,0.0,0.0,0.0,0.0,0.0,0.0,0.0,0.0,0.0,0.0,0.0,0.0,0.0,0.0,0.0,0.0,0.0,0.0
MKD,North Macedonia,North Macedonia,1820909.0,0.1993,0.0,0.0,188.131,0.1994,0.0,0.0,190.438,0.1986,0.1994,0.0,0.0,0.3987,0.0,0.0,378.569,0.398,0.0,0.0,0.1094508292286984,0.0,0.0,103.31707954653417,0.10950574685500483,0.0,0.0,104.58402918542332,0.21895657608370325,0.0,0.0,207.9011087319575
MDA,Moldova,Moldova,2360527.0,0.0,0.0,0.0,0.0,0.0,0.0,0.0,0.0,0.0,0.0,0.6236,0.0838,0.0,0.0,0.0,0.0,0.0,0.6236,0.0838,0.0,0.0,0.0,0.0,0.0,0.0,0.0,0.0,0.0,0.0,0.0,0.0
LVA,Latvia,Latvia,1847785.0,62.0364,0.0,0.0,174.598,62.1823,0.0,0.0,175.81650000000002,62.0389,62.1786,0.0,0.0,124.2187,0.0,0.0,350.4145,124.2175,0.0,0.0,33.57338651412367,0.0,0.0,94.49043043427672,33.652345916868036,0.0,0.0,95.14986862649066,67.2257324309917,0.0,0.0,189.64029906076735
LKA,Sri Lanka,Sri Lanka,21756000.0,9.8775,0.0,0.0,11.2055,24.647799999999997,0.0,0.0,27.986700000000003,9.8686,24.666199999999996,0.0,0.0,34.5253,0.0,0.0,39.1922,34.5348,0.0,0.0,0.4540126861555433,0.0,0.0,0.5150533186247472,1.1329196543482256,0.0,0.0,1.2863899613899616,1.586932340503769,0.0,0.0,1.8014432800147087
LBR,Liberia,Liberia,5731206.0,866.4400009999999,0.0,0.0,2550.02,435.867998,0.0,0.0,1282.6739989999999,864.1274,434.7571,0.0,0.0,1302.3079989999999,0.0,0.0,3832.693999,1298.8845,0.0,0.0,151.17935055902717,0.0,0.0,444.9360221914899,76.05170674374644,0.0,0.0,223.8052512856805,227.23105730277362,0.0,0.0,668.7412734771705
LBN,Lebanon,Lebanon,5849421.0,157.1614,0.0,0.0,523.10169,313.2092,0.0,0.0,1049.3085,157.14430000000002,313.241,0.0,0.0,470.3706,0.0,0.0,1572.4101899999998,470.38530000000003,0.0,0.0,26.867855810002393,0.0,0.0,89.42794338106283,53.54533380312342,0.0,0.0,179.38672904549017,80.41318961312581,0.0,0.0,268.81467242655293
LAO,Laos,Lao PDR,7873046.0,0.0,0.0,0.0,0.0,0.0,0.0,0.0,0.0,0.0,0.0,0.0,0.0,0.0,0.0,0.0,0.0,0.0,0.0,0.0,0.0,0.0,0.0,0.0,0.0,0.0,0.0,0.0,0.0,0.0,0.0,0.0
KHM,Cambodia,Cambodia,17847982.0,140.3247,0.0,0.0,140.3107,272.8752,0.0,0.0,272.904001,139.6727,271.6,0.2953,0.0,413.1999,0.0,0.0,413.214701,411.2727,0.2953,0.0,7.862216580003274,0.0,0.0,7.861432177598566,15.288854504671733,0.0,0.0,15.290468188504448,23.151071084675007,0.0,0.0,23.151900366103014
KEN,Kenya,Kenya,57532493.0,846.208409,0.0,0.0,1216.6866,434.87429899999995,0.0,0.0,790.0844999999999,845.8239,434.5908,0.0759,0.0,1281.082708,0.0,0.0,2006.7711,1280.4147,0.0759,0.0,14.70835635438221,0.0,0.0,21.14781641741129,7.558759864621196,0.0,0.0,13.732839632031935,22.26711621900341,0.0,0.0,34.880656049443225
JAM,Jamaica,Jamaica,2837077.0,87.4994,0.0,0.0,87.4994,87.5013,0.0,0.0,87.48140000000001,87.4861,87.4578,0.0,0.0,175.0007,0.0,0.0,174.9808,174.9439,0.0,0.0,30.84139062845316,0.0,0.0,30.84139062845316,30.842060331813343,0.0,0.0,30.835046070304053,61.6834509602665,0.0,0.0,61.67643669875721
ISL,Iceland,Iceland,392404.0,0.1926,0.0,0.0,183.0619,0.2258,0.0,0.0,215.216102,0.1843,0.2152,0.0,0.0,0.4184,0.0,0.0,398.278002,0.3995,0.0,0.0,0.49082068480443625,0.0,0.0,466.5138479730074,0.5754273656741522,0.0,0.0,548.4554234921153,1.0662480504785883,0.0,0.0,1014.9692714651227
ZWE,Zimbabwe,Zimbabwe,16950795.0,8.3809,0.0,0.0,8.3809,71.504699,0.0,0.0,71.504699,8.385000000000002,71.5275,0.0,0.0,79.885599,0.0,0.0,79.885599,79.91250000000001,0.0,0.0,0.4944251877271833,0.0,0.0,0.4944251877271833,4.218368460004383,0.0,0.0,4.218368460004383,4.712793647731567,0.0,0.0,4.712793647731567
